{"cameraMode":{"drawMode":0,"name":"Shaded","section":"Shading Mode"},"sceneLighting":true,"audioPlay":false,"sceneViewState":{"showFog":false,"showMaterialUpdate":false,"showSkybox":false,"showFlares":false,"showImageEffects":false,"showParticleSystems":false},"in2DMode":false,"pivot":{"x":-21.18109130859375,"y":-23.77764892578125,"z":16.62852668762207},"rotation":{"x":-0.2828221917152405,"y":0.5728803873062134,"z":-0.21977046132087708,"w":-0.7372385859489441},"size":94.21601104736328,"orthographic":false}